<?xml version="1.0" encoding="UTF-8"?>
<!-- Copyright 2013-2014 Splunk, Inc. Licensed under the Apache License, 
	Version 2.0 (the "License"): you may not use this file except in compliance 
	with the License. You may obtain a copy of the License at http://www.apache.org/licenses/LICENSE-2.0 
	Unless required by applicable law or agreed to in writing, software distributed 
	under the License is distributed on an "AS IS" BASIS, WITHOUT WARRANTIES 
	OR CONDITIONS OF ANY KIND, either express or implied. See the License for 
	the specific language governing permissions and limitations under the License. -->

<Configuration status="info" name="example" packages="">
	<!-- Define an appender that writes to a TCP socket. We use Log4J's SocketAppender, 
		which is documented at https://logging.apache.org/log4j/2.x/manual/appenders.html#SocketAppender 
		You can find the documentation on how to open TCP inputs on Splunk at http://docs.splunk.com/Documentation/Splunk/6.0.1/Data/Monitornetworkports 
		Note that TCP inputs are *not* the same as Splunk's management port. -->
	<Appenders>
		<Http name="http-input"
			url="https://az-flowerssec-hwf.eastus.cloudapp.azure.com:8088/services/collector"
			token="x:51074d97-3ae0-448e-bdda-c436fc530b39"
			disableCertificateValidation="true" ignoreExceptions="false">

			<PatternLayout pattern="%m" />
			<errorHandler class="org.apache.log4j.varia.FallbackErrorHandler">
				<root-ref />
				<appender-ref ref="console" />
			</errorHandler>
		</Http>

		<console name="console" class="org.apache.log4j.ConsoleAppender">
			<param name="Target" value="System.out" />
			<layout class="org.apache.log4j.PatternLayout">
				<param name="ConversionPattern" value="%d %-5p %30.30c - %m%n" />
			</layout>
		</console>
	</Appenders>
	<!-- Define a logger named 'splunk.logger' which writes to the socket appender 
		we defined above. -->
	<Loggers>
		<Root level="INFO">
		</Root>

		<Logger name="http-input" level="info">
			<AppenderRef ref="http-input" />
		</Logger>
		<Logger name="console" level="info">
			<AppenderRef ref="console" />
		</Logger>
		<!-- <Logger name="splunk.logger" level="info"> <AppenderRef ref="socket"/> 
			</Logger> <Logger name="splunk.log4j" level="info"> <AppenderRef ref="http-input"/> 
			</Logger> -->

	</Loggers>

</Configuration>